{
    "epochs": 8,
    "batch_size": 8,
    "results": {
        "precision":  0.5668016194331984,
        "recall": 0.5166051660516605,
        "f1": 0.5405405405405406
    },
    "trainable_params": 47511555
}