{
    "epochs": 11,
    "batch_size": 8,
    "results": {
        "precision":  0.64,
        "recall": 0.47232472324723246,
        "f1": 0.543524416135881
    },
    "trainable_params": 157353731
}