{
    "epochs": 7,
    "batch_size": 8,
    "results": {
        "precision": 0.5782608695652174,
        "recall": 0.4907749077490775,
        "f1": 0.5309381237524949
    }
}