{
    "epochs": 13,
    "batch_size": 8,
    "results": {
        "precision":  0.4691358024691358,
        "recall": 0.5608856088560885,
        "f1": 0.5109243697478992
    }
}