{
    "epochs": 10,
    "batch_size": 8,
    "results": {
        "precision": 0.628253,
        "recall": 0.601423,
        "f1": 0.614545
    },
    "trainable_params": 444675
}
