{
    "trial_0": {
        "hyperparameters": {
            "r": 21,
            "lora_alpha": 22,
            "lora_dropout": 0.3504572987165353,
            "bias": "lory_only",
            "learning_rate": 2.7638284955005615e-05,
            "batch_size": 8,
            "weight_decay": 0.016373915200519486,
            "epochs": 3
        }
    },
    "trial_1": {
        "hyperparameters": {
            "r": 12,
            "lora_alpha": 27,
            "lora_dropout": 0.4564039673376695,
            "bias": "none",
            "learning_rate": 0.0003086875775669831,
            "batch_size": 32,
            "weight_decay": 0.0855465837461197,
            "epochs": 7
        },
        "info": {
            "trainable_params": 446982,
            "all_params": 108779526,
            "trainable%": 0.41090636853850604
        },
        "metrics": {
            "precision": 0.678714859437751,
            "recall": 0.6035714285714285,
            "f1": 0.6389413988657844,
            "accuracy": 0.9875864514984927
        }
    },
    "trial_2": {
        "hyperparameters": {
            "r": 15,
            "lora_alpha": 26,
            "lora_dropout": 0.17897382182016477,
            "bias": "lory_only",
            "learning_rate": 0.0006816832388475526,
            "batch_size": 8,
            "weight_decay": 0.04841440873363432,
            "epochs": 19
        }
    },
    "trial_3": {
        "hyperparameters": {
            "r": 10,
            "lora_alpha": 13,
            "lora_dropout": 0.19035530904486883,
            "bias": "none",
            "learning_rate": 7.874823820441573e-05,
            "batch_size": 16,
            "weight_decay": 0.0757903683175777,
            "epochs": 2
        },
        "info": {
            "trainable_params": 373254,
            "all_params": 108705798,
            "trainable%": 0.34336163007607007
        },
        "metrics": {
            "precision": 0.8166666666666667,
            "recall": 0.175,
            "f1": 0.28823529411764703,
            "accuracy": 0.9850328072353254
        }
    },
    "trial_4": {
        "hyperparameters": {
            "r": 16,
            "lora_alpha": 29,
            "lora_dropout": 0.34757937529661814,
            "bias": "none",
            "learning_rate": 6.181506628858233e-05,
            "batch_size": 32,
            "weight_decay": 0.05081674315542389,
            "epochs": 4
        },
        "info": {
            "trainable_params": 594438,
            "all_params": 108926982,
            "trainable%": 0.5457215366528745
        },
        "metrics": {
            "precision": 0.6868131868131868,
            "recall": 0.44642857142857145,
            "f1": 0.5411255411255412,
            "accuracy": 0.9862386948040432
        }
    },
    "trial_5": {
        "hyperparameters": {
            "r": 32,
            "lora_alpha": 32,
            "lora_dropout": 0.3437567757859511,
            "bias": "all",
            "learning_rate": 0.00017104160797891925,
            "batch_size": 32,
            "weight_decay": 0.09041768703920627,
            "epochs": 4
        },
        "info": {
            "trainable_params": 1286406,
            "all_params": 109516806,
            "trainable%": 1.1746197200090003
        },
        "metrics": {
            "precision": 0.652542372881356,
            "recall": 0.55,
            "f1": 0.5968992248062016,
            "accuracy": 0.9864160312112077
        }
    },
    "trial_6": {
        "hyperparameters": {
            "r": 25,
            "lora_alpha": 8,
            "lora_dropout": 0.1353370422897515,
            "bias": "lory_only",
            "learning_rate": 0.00021971113442178654,
            "batch_size": 8,
            "weight_decay": 0.06417413911094053,
            "epochs": 9
        }
    },
    "trial_7": {
        "hyperparameters": {
            "r": 28,
            "lora_alpha": 18,
            "lora_dropout": 0.3693741271787604,
            "bias": "all",
            "learning_rate": 8.455038425670527e-05,
            "batch_size": 16,
            "weight_decay": 0.08193148282572633,
            "epochs": 19
        },
        "info": {
            "trainable_params": 1138950,
            "all_params": 109369350,
            "trainable%": 1.041379508975778
        },
        "metrics": {
            "precision": 0.5868055555555556,
            "recall": 0.6035714285714285,
            "f1": 0.5950704225352114,
            "accuracy": 0.9859549565525803
        }
    },
    "trial_8": {
        "hyperparameters": {
            "r": 28,
            "lora_alpha": 9,
            "lora_dropout": 0.13747484295410453,
            "bias": "none",
            "learning_rate": 1.3879530986907442e-05,
            "batch_size": 32,
            "weight_decay": 0.051705257883804145,
            "epochs": 18
        },
        "info": {
            "trainable_params": 1036806,
            "all_params": 109369350,
            "trainable%": 0.9479858845279779
        },
        "metrics": {
            "precision": 1.0,
            "recall": 0.039285714285714285,
            "f1": 0.07560137457044673,
            "accuracy": 0.9840397233552048
        }
    },
    "trial_9": {
        "hyperparameters": {
            "r": 18,
            "lora_alpha": 9,
            "lora_dropout": 0.3382817952435485,
            "bias": "none",
            "learning_rate": 0.0009960262353782242,
            "batch_size": 32,
            "weight_decay": 0.08752416871948551,
            "epochs": 7
        },
        "info": {
            "trainable_params": 668166,
            "all_params": 109000710,
            "trainable%": 0.612992337389362
        },
        "metrics": {
            "precision": 0.7236180904522613,
            "recall": 0.5142857142857142,
            "f1": 0.6012526096033403,
            "accuracy": 0.987763787905657
        }
    },
    "trial_10": {
        "hyperparameters": {
            "r": 9,
            "lora_alpha": 23,
            "lora_dropout": 0.47449845652887435,
            "bias": "none",
            "learning_rate": 0.00032644242273824234,
            "batch_size": 32,
            "weight_decay": 0.09919323559246472,
            "epochs": 13
        },
        "info": {
            "trainable_params": 336390,
            "all_params": 108668934,
            "trainable%": 0.309554890820959
        },
        "metrics": {
            "precision": 0.6693227091633466,
            "recall": 0.6,
            "f1": 0.6327683615819208,
            "accuracy": 0.987196311402731
        }
    },
    "trial_11": {
        "hyperparameters": {
            "r": 9,
            "lora_alpha": 24,
            "lora_dropout": 0.48388395815353724,
            "bias": "none",
            "learning_rate": 0.00035188999382317206,
            "batch_size": 32,
            "weight_decay": 0.08799176005171132,
            "epochs": 14
        },
        "info": {
            "trainable_params": 336390,
            "all_params": 108668934,
            "trainable%": 0.309554890820959
        },
        "metrics": {
            "precision": 0.640495867768595,
            "recall": 0.5535714285714286,
            "f1": 0.5938697318007663,
            "accuracy": 0.9863805639297748
        }
    },
    "trial_12": {
        "hyperparameters": {
            "r": 13,
            "lora_alpha": 18,
            "lora_dropout": 0.4996731367435967,
            "bias": "none",
            "learning_rate": 0.0004205819106417954,
            "batch_size": 32,
            "weight_decay": 0.09797694776108704,
            "epochs": 13
        },
        "info": {
            "trainable_params": 483846,
            "all_params": 108816390,
            "trainable%": 0.444644414320306
        },
        "metrics": {
            "precision": 0.6370967741935484,
            "recall": 0.5642857142857143,
            "f1": 0.5984848484848485,
            "accuracy": 0.9863805639297748
        }
    },