{
    "epochs": 24,
    "batch_size": 8,
    "results": {
        "precision": 0.7254098360655737,
        "recall": 0.7729257641921398,
        "f1": 0.7484143763213531
    }
}