{
    "epochs": 36,
    "batch_size": 8,
    "results": {
        "precision": 0.8,
        "recall": 0.8717948717948718,
        "f1": 0.834355828220859
    }
}