{
    "epochs": 25,
    "batch_size": 8,
    "results": {
        "precision": 0.8,
        "recall": 0.8376068376068376,
        "f1": 0.8183716075156577
    }
}