{
    "epochs": 13,
    "batch_size": 8,
    "results": {
        "precision": 0.7817460317460317,
        "recall": 0.8418803418803419,
        "f1": 0.8106995884773662
    }
}
