{
    "epochs": 13,
    "batch_size": 8,
    "results": {
        "precision": 0.8340248962655602,
        "recall": 0.8589743589743589,
        "f1": 0.8463157894736842
    },
    "trainable_params": 915459
}